64749,7,3,,,UNB,Robb?,,,8,1844,,Damp ground ,,York,New Brunswick,Canada,near Fredericton,,,,,,,45,56,43,N,66,40,0,W,,4,,Databaser,No reproductive structures seen on specimen,,Equisetum hyemale L. ssp. affine    ,,2011-07-19,2015-07-08,,shortt,   Accession # 7,,00/8/1844/,York Co.,,,N,W,Habitat:  Damp ground . ,Locality:  near Fredericton. ,,Duplicate,45.9453,45.9453º N ,66.6667,66.6667º W,,,near Fredericton,45.9453,66.6667,,,,,64749,,,,,56985,56985,,
28984,706,1608,,,UNB,"Redmond, D.R.",706,11,8,1948,,dry sandy soil,,York,New Brunswick,Canada,Fredericton,,,,,,,,,,,,,,,,,,,Specimen has Flowers or Flower Buds,,Galinsoga quadriradiata Ruiz & Pavon      ,,2003-11-13,2015-07-08,,,   Accession # 706,Collector's # 706,,York Co.,,,,,Habitat:  dry sandy soil. ,Locality:  Fredericton. ,,Duplicate,,,,,,,Fredericton,,,,,,,,,,,,56985,56985,,
77041,726,1763,,,UNB,J.T.B.K. ,,8,6,1948,,Fields along stream,,Pictou,Nova Scotia,Canada,Willowdale,,,,,,,45,23,41,N,62,12,40,W,,3,,Databaser,Specimen has flowers,,Viola sororia  Willd.      ,,2013-12-17,2013-12-17,,Courtney,   Accession # 726,,8/6/1948/,Pictou Co.,,,N,W,Habitat:  Fields along stream. ,Locality:  Willowdale. ,,Duplicate,45.3947,45.3947º N ,62.2111,62.2111º W,,,Willowdale,45.3947,62.2111,,,,,77041,,,,,56985,56985,,
31625,775,1346,,,UNB,"Taylor, A.R.A.",,12,8,1949,,gravel beach,,Albert,New Brunswick,Canada,"Point Wolfe, Fundy National Park",,,,,,,,,,,,,,,,,,,Specimen has both Fruit and Flowers,,Mertensia maritima (L.) S.F. Gray      ,,2004-01-13,2015-07-08,,,   Accession # 775,,,Albert Co.,,,,,Habitat:  gravel beach. ,"Locality:  Point Wolfe, Fundy National Park. ",,Duplicate,,,,,,,"Point Wolfe, Fundy National Park",,,,,,,,,,,,56985,56985,,
37876,783,918,,,UNB,,783,4,6,1838,,swamp,,York,New Brunswick,Canada,"Royal Road, Fredericton",,,,,,,,,,,,,,,,,,,Specimen has Flowers or Flower Buds,,Ribes lacustre (Pers.) Poir.      ,,2004-06-28,2015-07-08,,,   Accession # 783,Collector's # 783,,York Co.,,,,,Habitat:  swamp. ,"Locality:  Royal Road, Fredericton. ",,Duplicate,,,,,,,"Royal Road, Fredericton",,,,,,,,,,,,56985,56985,,
63730,790,910,,,UNB,,,,6,1841,,springy ground,,York,New Brunswick,Canada,"Lower Saint Mary's, Fredericton",,,,,,,45,56,43,N,66,40,0,W,,4,,,No reproductive structures seen on specimen,,Chrysosplenium americanum Schwein.      ,,2011-06-06,2015-07-08,,shortt,   Accession # 790,,00/6/1841/,York Co.,,,N,W,Habitat:  springy ground. ,"Locality:  Lower Saint Mary's, Fredericton. ",,Duplicate,45.9453,45.9453º N ,66.6667,66.6667º W,,,"Lower Saint Mary's, Fredericton",45.9453,66.6667,,,,,63730,,,,,56985,56985,,
52854,7003,1460,,,UNB,"Roberts, P.R.; Drury, D.E.",63-1968,22,8,1963,,Waterfront.,,Restigouche,New Brunswick,Canada,Dalhousie.,,,,,,,,,,,,,,,,,,,Specimen is reproductive,,Plantago maritima L. var. juncoides (Lam.) Gray   ,,2007-06-14,2015-07-08,,Margaret,   Accession # 7003,Collector's # 63-1968,22/8/1963/,Restigouche Co.,,,,,Habitat:  Waterfront.. ,Locality:  Dalhousie.. ,,Duplicate,,,,,,,Dalhousie.,,,,,,,,,,,,56985,56985,,
33584,7010,759,,,UNB,"Roberts, P.R.; Drury, D.E.",63-2006,22,8,1963,,upper beach,,Gloucester,New Brunswick,Canada,Miscou light,,,,20,388768,5318420,48.009389,,,N,64.49143,,,W,,3,22 A/02,ACCDC,Specimen has Fruit but no Flowers,,Glaux maritima L. var obtusifolia Fern. Arenaria peploides L. 1966 RobertsHonckenya peploides (L.) Ehrh. ssp. robusta (Fern.) Hulten.   ,,2004-03-09,2015-07-08,,,   Accession # 7010,Collector's # 63-2006,,Gloucester Co.,UTM 20 388768 5318420,,N,W,Habitat:  upper beach. ,Locality:  Miscou light. ,,Unique,48.0094,48.0094º N ,64.4914,64.4914º W,,,Miscou light,48.0094,64.4914,,,,,,,,,,56985,56985,,
55498,7011,1293,,,UNB,"Roberts, P.R.; Drury, D.E.",63-2013,23,8,1963,,top of dune,,Gloucester,New Brunswick,Canada,Miscou Lighthouse,,,,,,,48,0,59,N,64,30,55,W,,,,,Specimen is reproductive,,Glaux maritima L.      ,Mapped for NB Flora,2010-09-29,2015-07-08,,shortt,   Accession # 7011,Collector's # 63-2013,23/8/1963/,Gloucester Co.,,,N,W,Habitat:  top of dune. ,Locality:  Miscou Lighthouse. ,Notes:  Mapped for NB Flora.,Duplicate,48.0164,48.0164º N ,64.5153,64.5153º W,,,Miscou Lighthouse,48.0164,64.5153,,,,,55498,,,,,56985,56985,,
61804,7031,1945,,,UNB,"Roberts, P.R.; Bateman, N.",64-706,8,6,1969,,"Woods, yellow birch and fir",,Saint John,New Brunswick,Canada,Martin Head,,,,,,,45,29,18,N,65,11,22,W,,4,,,Specimen has flowers,,Rubus pubescens Raf.      ,,2011-03-30,2015-07-08,,shortt,   Accession # 7031,Collector's # 64-706,8/6/1969/,Saint John Co.,,,N,W,"Habitat:  Woods, yellow birch and fir. ",Locality:  Martin Head. ,,Duplicate,45.4883,45.4883º N ,65.1894,65.1894º W,,,Martin Head,45.4883,65.1894,,,,,61804,,,,,56985,56985,,
63711,7042,910,,,UNB,"Roberts, P.R.; Drury, D.E.",63-120,9,6,1963,,"In running water, edge of trail",,York,New Brunswick,Canada,Mount Hope Trail,,,,,,,46,2,24,N,66,29,18,W,,4,,,No reproductive structures seen on specimen,,Chrysosplenium americanum Schwein.      ,,2011-06-06,2015-07-08,,shortt,   Accession # 7042,Collector's # 63-120,9/6/1963/,York Co.,,,N,W,"Habitat:  In running water, edge of trail. ",Locality:  Mount Hope Trail. ,,Duplicate,46.04,46.04º N ,66.4883,66.4883º W,,,Mount Hope Trail,46.04,66.4883,,,,,63711,,,,,56985,56985,,
37694,7050,915,,,UNB,"Roberts, P.R.; Bateman, N.",64-740,8,6,1964,,birch and fir,,Saint John,New Brunswick,Canada,10 mi SE of county line toward  Martin Head,,,,,,,,,,,,,,,,,,,Specimen has Flowers or Flower Buds,,Ribes glandulosum Grauer      ,,2004-06-23,2015-07-08,,,   Accession # 7050,Collector's # 64-740,,Saint John Co.,,,,,Habitat:  birch and fir. ,Locality:  10 mi SE of county line toward  Martin Head. ,,Duplicate,,,,,,,10 mi SE of county line toward  Martin Head,,,,,,,,,,,,56985,56985,,
27634,7060,1111,,,UNB,"Roberts, P.R.; Bateman, N.",64-850,12,6,1964,,sandy point,,Queens,New Brunswick,Canada,"Palmer's Point, between Douglas Harbour and Princess Park, Grand Lake",,,,19,727341,5090996,45.93489,,,N,66.0674,,,W,,3,21 G/16,ACCDC,Specimen has neither Fruit nor Flowers,,Ilex verticillata (L.) Gray      ,,2003-09-15,2015-07-08,,,   Accession # 7060,Collector's # 64-850,,Queens Co.,UTM 19 727341 5090996,,N,W,Habitat:  sandy point. ,"Locality:  Palmer's Point, between Douglas Harbour and Princess Park, Grand Lake. ",,Duplicate,45.9349,45.9349º N ,66.0674,66.0674º W,,,"Palmer's Point, between Douglas Harbour and Princess Park, Grand Lake",45.9349,66.0674,,,,,,,,,,56985,56985,,
33527,7070,754,,,UNB,"Roberts, P.R.; Bateman, N.",64-722,8,6,1964,,"woods, fir and yellow birch",,Saint John,New Brunswick,Canada,Martin Head,,,,,,,45.4894,,,N,65.1887,,,W,,3,21 H/11,UNB,Specimen has Flowers or Flower Buds,,Cerastium fontanum Baumg. ssp. vulgare (Hartman) Greuter & Burdet   ,,2004-03-08,2015-07-08,,,   Accession # 7070,Collector's # 64-722,8/6/1964/,Saint John Co.,,,N,W,"Habitat:  woods, fir and yellow birch. ",Locality:  Martin Head. ,,Duplicate,45.4894,45.4894º N ,65.1887,65.1887º W,,,Martin Head,45.4894,65.1887,,,,,,,,,,56985,56985,,
32855,7080,1484,,,UNB,"Roberts, P.R.; Bateman, N.",64-1070,22,6,1964,,"hardwood forest, heavy shade",,York,New Brunswick,Canada,top of Crabbe Mountain,,,,,,,,,,,,,,,,,,,Specimen has Fruit but no Flowers,,Lonicera canadensis Bartr. ex Marsh.      ,,2004-02-06,2015-07-08,,,   Accession # 7080,Collector's # 64-1070,,York Co.,,,,,"Habitat:  hardwood forest, heavy shade. ",Locality:  top of Crabbe Mountain. ,,Duplicate,,,,,,,top of Crabbe Mountain,,,,,,,,,,,,56985,56985,,
31551,7090,656,,,UNB,"Roberts, P.R.; Bateman, N.",64-838,12,6,1964,,,,Queens,New Brunswick,Canada,"Palmers Point, between Douglas Harbour and Princess Point, Grand Lake",,,,19,727341,5090996,45.93489,,,N,66.0674,,,W,,3,21 G/16,ACCDC,Specimen has neither Fruit nor Flowers,,Ostrya virginiana (Mill.) Koch      ,,2004-01-12,2015-07-08,,,   Accession # 7090,Collector's # 64-838,12/6/1964/,Queens Co.,UTM 19 727341 5090996,,N,W,,"Locality:  Palmers Point, between Douglas Harbour and Princess Point, Grand Lake. ",,Duplicate,45.9349,45.9349º N ,66.0674,66.0674º W,,,"Palmers Point, between Douglas Harbour and Princess Point, Grand Lake",45.9349,66.0674,,,,,,,,,,56985,56985,,
35915,7100,1288,,,UNB,"Roberts, P.R.; Bateman, N.",64-835,12,6,1964,,dry point,,Queens,New Brunswick,Canada,"Palmers Point, between Princess Park and Douglas Harbour, Grand Lake",,,,19,727341,5090996,45.93489,,,N,66.0674,,,W,,3,21 G/16,ACCDC,Specimen has Flowers or Flower Buds,,Vaccinium myrtilloides Michx.      ,,2004-04-26,2015-07-08,,,   Accession # 7100,Collector's # 64-835,,Queens Co.,UTM 19 727341 5090996,,N,W,Habitat:  dry point. ,"Locality:  Palmers Point, between Princess Park and Douglas Harbour, Grand Lake. ",,Duplicate,45.9349,45.9349º N ,66.0674,66.0674º W,,,"Palmers Point, between Princess Park and Douglas Harbour, Grand Lake",45.9349,66.0674,,,,,,,,,,56985,56985,,
30875,7160,644,,,UNB,"Roberts, P.R.; Bateman, N.",64-1147,22,6,1964,,"black spruce, red spruce, fir, cedar stand",,York,New Brunswick,Canada,Becaguimec Game Refuge,,,,,,,,,,,,,,,,,,,Specimen has Fruit but no Flowers,,Alnus incana (L.) Moench ssp. rugosa (Du Roi) Clausen.   ,,2003-12-30,2015-07-08,,,   Accession # 7160,Collector's # 64-1147,,York Co.,,,,,"Habitat:  black spruce, red spruce, fir, cedar stand. ",Locality:  Becaguimec Game Refuge. ,,Duplicate,,,,,,,Becaguimec Game Refuge,,,,,,,,,,,,56985,56985,,
33055,7170,1484,,,UNB,"Roberts, P.R.; Bateman, N.",64-1215,22,6,1964,,cedar,,Charlotte,New Brunswick,Canada,Kenneth Road from Centre Glassville to Bath,,,,,,,,,,,,,,,,,,,Specimen has Fruit but no Flowers,,Lonicera canadensis Bartr. ex Marsh.      ,,2004-02-12,2015-07-08,,,   Accession # 7170,Collector's # 64-1215,22/6/1964/,Charlotte Co.,,,,,Habitat:  cedar. ,Locality:  Kenneth Road from Centre Glassville to Bath. ,,Duplicate,,,,,,,Kenneth Road from Centre Glassville to Bath,,,,,,,,,,,,56985,56985,,
33978,7180,783,,,UNB,"Roberts, P.R.; Bateman, N.",67-1242,22,6,1964,,"dry riverbank, boulders and gravel",,Victoria,New Brunswick,Canada,Perth,,,,,,,,,,,,,,,,,,,Specimen has Fruit but no Flowers,,Stellaria graminea L.      ,,2004-03-16,2015-07-08,,,   Accession # 7180,Collector's # 67-1242,,Victoria Co.,,,,,"Habitat:  dry riverbank, boulders and gravel. ",Locality:  Perth. ,,Duplicate,,,,,,,Perth,,,,,,,,,,,,56985,56985,,
63207,7193,624,,,UNB,"Roberts, P.R.; Bateman, N.",64-630,9,6,1964,,"very dry, hardwoods in valleys and softwoods ",,Kings,New Brunswick,Canada,Hawkes Bridge over Trout Brook W of Waterford,,,,,,,45,40,52,N,65,22,12,W,,4,,,Specimen has flowers,,Salix discolor Muhl.      ,,2011-05-17,2015-07-08,,shortt,   Accession # 7193,Collector's # 64-630,9/6/1964/,Kings Co.,,,N,W,"Habitat:  very dry, hardwoods in valleys and softwoods . ",Locality:  Hawkes Bridge over Trout Brook W of Waterford. ,,Duplicate,45.6811,45.6811º N ,65.37,65.37º W,,,Hawkes Bridge over Trout Brook W of Waterford,45.6811,65.37,,,,,63207,,,,,56985,56985,,
62931,7200,619,,,UNB,"Roberts, P.R.; Bateman, N.",64-847,12,6,1964,,field by roadside,,Queens,New Brunswick,Canada,"Palmers Point, between Douglas Harbour and Princess Park",,,,,,,45,54,51,N,66,5,48,W,,4,,,No reproductive structures seen on specimen,,Populus grandidentata Michx.      ,,2011-05-05,2015-07-08,,shortt,   Accession # 7200,Collector's # 64-847,12/6/1964/,Queens Co.,,,N,W,Habitat:  field by roadside. ,"Locality:  Palmers Point, between Douglas Harbour and Princess Park. ",,Duplicate,45.9142,45.9142º N ,66.0967,66.0967º W,,,"Palmers Point, between Douglas Harbour and Princess Park",45.9142,66.0967,,,,,62931,,,,,56985,56985,,
63377,7210,626,,,UNB,"Roberts, P.R.; Drury, D.E.",63-1290,9,8,1963,,Stony shore,,Carleton,New Brunswick,Canada,"Saint John River at Florenceville, ",,,,,,,46,26,29,N,67,37,10,W,,4,,,No reproductive structures seen on specimen,,Salix interior Rowlee Salix exigua Nutt 1984Salix exigua Nutt. ssp. interior (Rowlee) Cronq.   ,,2011-05-25,2015-07-08,,shortt,   Accession # 7210,Collector's # 63-1290,9/8/1963/,Carleton Co.,,,N,W,Habitat:  Stony shore. ,"Locality:  Saint John River at Florenceville, . ",,Duplicate,46.4414,46.4414º N ,67.6194,67.6194º W,,,"Saint John River at Florenceville, ",46.4414,67.6194,,,,,63377,,,,,56985,56985,,
55012,7220,692,,,UNB,"Roberts, P.R.; Drury, D.E.",63-2146,2,9,1963,,Marsh,,Westmorland,New Brunswick,Canada,"Chignecto dry dock area, Tantramar Marshes ",,,,,,,45,55,,N,64,18,,W,,,,,Specimen is reproductive,,Persicaria hydropiper (L.) P.M. Opiz      ,Mapped for NB Flora,2010-09-10,2015-07-08,,shortt,   Accession # 7220,Collector's # 63-2146,2/9/1963/,Westmorland Co.,,,N,W,Habitat:  Marsh. ,"Locality:  Chignecto dry dock area, Tantramar Marshes . ",Notes:  Mapped for NB Flora.,Duplicate,45.9167,45.9167º N ,64.3,64.3º W,,,"Chignecto dry dock area, Tantramar Marshes ",45.9167,64.3,,,,,55012,,,,,56985,56985,,
663,7230,1263,,Pterospora andromedea,UNB,"Roberts, P.R.; Drury, D.E.",63-2125,29,8,1963,,Hemlock stand,,YORK,New Brunswick,Canada,Keswick Ridge,,,,19,666051,5092117,45.96253,,,N,66.85696,,,W,83,3,21 G/15,ACCDC,,,Pterospora andromedea Nutt.      ,,,2015-11-25,,,   Accession # 7230,Collector's # 63-2125,,YORK Co.,UTM 19 666051 5092117,,N,W,Habitat:  Hemlock stand. ,Locality:  Keswick Ridge. ,,Duplicate,45.9625,45.9625º N ,66.857,66.857º W,,,Specific location data for rare species is available on request,,,,,,,,,,,,56985,56985,,
41251,7242,1190,,,UNB,,63-2079,,,,,Roadside woods,,Northumberland,New Brunswick,Canada,Burnt Church River over Hwy,,,,,,,,,,,,,,,,,,,,,"Circaea canadensis HillCircaea alpina L.      1978 D.E. Boufford, Missouri Botanical Garden",,2006-01-12,2015-07-08,,,   Accession # 7242,Collector's # 63-2079,,Northumberland Co.,,,,,Habitat:  Roadside woods. ,Locality:  Burnt Church River over Hwy. ,,Duplicate,,,,,,,Burnt Church River over Hwy,,,,,,,,,,,,56985,56985,,
36815,7250,1763,,,UNB,"Roberts, P.R.; Bateman, N.",64-66,26,5,1964,,"riverbank, cutover softwoods with red maple, wire birch and few fir",,Queens,New Brunswick,Canada,W bank of Canaan River near Canaan rapids,,,,,,,45.9313,,,N,65.7551,,,W,,3,21 H/13,UNB,Specimen has Flowers or Flower Buds,,Viola septentrionalis GreeneViola sororia  Willd.      FNB 2000,,2004-06-03,2015-07-08,,,   Accession # 7250,Collector's # 64-66,,Queens Co.,,,N,W,"Habitat:  riverbank, cutover softwoods with red maple, wire birch and few fir. ",Locality:  W bank of Canaan River near Canaan rapids. ,,Duplicate,45.9313,45.9313º N ,65.7551,65.7551º W,,,W bank of Canaan River near Canaan rapids,45.9313,65.7551,,,,,,,,,,56985,56985,,
37079,7253,1175,,,UNB,"Roberts, P.R.; Bateman, N.",64-1127,22,6,1964,,wet mossy places with black and red spruce,,York,New Brunswick,Canada,Becaguimic Game Preserve,,,,,,,,,,,,,,,,,,,,,Viola blanda WilldViola macloskeyi Lloyd ssp. pallens (Banks ex DC.) Baker   1982   Hinds,,2004-06-08,2015-07-08,,,   Accession # 7253,Collector's # 64-1127,,York Co.,,,,,Habitat:  wet mossy places with black and red spruce. ,Locality:  Becaguimic Game Preserve. ,,Duplicate,,,,,,,Becaguimic Game Preserve,,,,,,,,,,,,56985,56985,,
37640,7260,915,,,UNB,"Roberts, P.R.; Bateman, N.",64-993,15,6,1964,,"swamp, red maple, white cedar and fir",,Carleton,New Brunswick,Canada,8 mi from Lakeville,,,,,,,46.2727,,,N,67.5878,,,W,,4,21 J/05,UNB,,,Ribes glandulosum Grauer      ,,2004-06-18,2015-07-08,,,   Accession # 7260,Collector's # 64-993,,Carleton Co.,,,N,W,"Habitat:  swamp, red maple, white cedar and fir. ",Locality:  8 mi from Lakeville. ,,Duplicate,46.2727,46.2727º N ,67.5878,67.5878º W,,,8 mi from Lakeville,46.2727,67.5878,,,,,,,,,,56985,56985,,
58237,7270,809,,,UNB,"Roberts, P.R.; Bateman, N.",64-1208,22,6,1964,,cedar forest,,Carleton,New Brunswick,Canada,Kenneth Road from Center Glassville to Bath,,,,,,,46,28,53,N,67,25,24,W,,,,,Specimen is reproductive,,Coptis trifolia (L.) Salisb.      ,,2010-11-16,2015-07-08,,shortt,   Accession # 7270,Collector's # 64-1208,22/6/1964/,Carleton Co.,,,N,W,Habitat:  cedar forest. ,Locality:  Kenneth Road from Center Glassville to Bath. ,,Duplicate,46.4814,46.4814º N ,67.4233,67.4233º W,,,Kenneth Road from Center Glassville to Bath,46.4814,67.4233,,,,,58237,,,,,56985,56985,,
58281,7280,812,,,UNB,"Roberts, P.R.; Bateman, N.",64-870,12,6,1964,,"damp road edge, poison ivy common",,Queens,New Brunswick,Canada,"Palmers Point, between Douglas Harbour and Princess Park",,,,,,,45,56,58,N,66,4,20,W,,,,,Specimen is reproductive,,Ranunculus abortivus L.      ,,2010-11-18,2015-07-08,,shortt,   Accession # 7280,Collector's # 64-870,12/6/1964/,Queens Co.,,,N,W,"Habitat:  damp road edge, poison ivy common. ","Locality:  Palmers Point, between Douglas Harbour and Princess Park. ",,Duplicate,45.9494,45.9494º N ,66.0722,66.0722º W,,,"Palmers Point, between Douglas Harbour and Princess Park",45.9494,66.0722,,,,,58281,,,,,56985,56985,,
57596,7290,797,,,UNB,"Roberts, P.R.; Bateman, N.",64-1037,15,6,1963,,"very rich hardwoods, small clone, elm, sugar maple and yellow birch",,Carleton,New Brunswick,Canada,0.5 mile west of Good Corner,,,,,,,46,23,2,N,67,44,21,W,,,,,Specimen is reproductive,,Actaea rubra (Ait.) Willd.      ,,2010-10-26,2015-07-08,,shortt,   Accession # 7290,Collector's # 64-1037,15/6/1963/,Carleton Co.,,,N,W,"Habitat:  very rich hardwoods, small clone, elm, sugar maple and yellow birch. ",Locality:  0.5 mile west of Good Corner. ,,Duplicate,46.3839,46.3839º N ,67.7392,67.7392º W,,,0.5 mile west of Good Corner,46.3839,67.7392,,,,,57596,,,,,56985,56985,,
61306,7301,990,,,UNB,"Roberts, P.R.; Bateman, N.",64-1078,22,6,1964,,"Cleared, heavy sucker growth",,York,New Brunswick,Canada,Top of Crabbe Mountain ,,,,,,,46,7,13,N,67,6,31,W,,3,,,Specimen has flowers,,Prunus virginiana L.      ,,2011-03-21,2015-07-08,,shortt,   Accession # 7301,Collector's # 64-1078,22/6/1964/,York Co.,,,N,W,"Habitat:  Cleared, heavy sucker growth. ",Locality:  Top of Crabbe Mountain . ,,Duplicate,46.1203,46.1203º N ,67.1086,67.1086º W,,,Top of Crabbe Mountain ,46.1203,67.1086,,,,,61306,,,,,56985,56985,,
63478,7310,629,,,UNB,"Roberts, P.R.; Bateman, N.",64-871,11,6,1964,,"River bank, ",,York,New Brunswick,Canada,"Saint John River, McKeen Street, Fredericton",,,,,,,45,56,43,N,66,40,0,W,,4,,,Specimen is reproductive,,Salix lucida Muhl.      ,,2011-05-31,2015-07-08,,shortt,   Accession # 7310,Collector's # 64-871,11/6/1964/,York Co.,,,N,W,"Habitat:  River bank, . ","Locality:  Saint John River, McKeen Street, Fredericton. ",,Duplicate,45.9453,45.9453º N ,66.6667,66.6667º W,,,"Saint John River, McKeen Street, Fredericton",45.9453,66.6667,,,,,63478,,,,,56985,56985,,
46093,7320,1082,,,UNB,"Roberts, P.R.; Bateman, N.",64-1204,22,6,1964,,cedar forest,,Carleton,New Brunswick,Canada,Kenneth Road from centre Glassville to Bath,,,,,,,,,,,,,,,,,,,Specimen has Flowers or Flower Buds,,Oxalis montana Raf.      ,,2006-11-22,2015-07-08,,Dorothy,   Accession # 7320,Collector's # 64-1204,,Carleton Co.,,,,,Habitat:  cedar forest. ,Locality:  Kenneth Road from centre Glassville to Bath. ,,Duplicate,,,,,,,Kenneth Road from centre Glassville to Bath,,,,,,,,,,,,56985,56985,,
37418,7321,839,,,UNB,"Roberts, P.R.; Bateman, N.",64-713B,8,6,1964,,"woods, fir, yellow birch",,Saint John,New Brunswick,Canada,Martin Head,,,,,,,45.4894,,,N,65.1887,,,W,,3,21 H/11,UNB,,,Dicentra cucullaria (L.) Bernh.      ,,2004-06-15,2015-07-08,,,   Accession # 7321,Collector's # 64-713B,,Saint John Co.,,,N,W,"Habitat:  woods, fir, yellow birch. ",Locality:  Martin Head. ,,Duplicate,45.4894,45.4894º N ,65.1887,65.1887º W,,,Martin Head,45.4894,65.1887,,,,,,,,,,56985,56985,,
36550,7333,1067,,,UNB,"Roberts, P.R.; Bateman, N.",64-1197,22,6,1964,,"floodplain, with elm and balsam poplar",,Carleton,New Brunswick,Canada,1 mi. E of S Knowlsville,,,,,,,,,,,,,,,,,,,Specimen has Flowers or Flower Buds,,Trifolium hybridum L.   ,,2004-05-07,2015-07-08,,,   Accession # 7333,Collector's # 64-1197,,Carleton Co.,,,,,"Habitat:  floodplain, with elm and balsam poplar. ",Locality:  1 mi. E of S Knowlsville. ,,Duplicate,,,,,,,1 mi. E of S Knowlsville,,,,,,,,,,,,56985,56985,,
36562,7334,1067,,,UNB,"Roberts, P.R.; Bateman, N.",64-1238,22,6,1964,,dry riverbank,,Victoria,New Brunswick,Canada,Perth,,,,,,,,,,,,,,,,,,,Specimen has Flowers or Flower Buds,,Trifolium hybridum L.      ,,2004-05-07,2015-07-08,,,   Accession # 7334,Collector's # 64-1238,,Victoria Co.,,,,,Habitat:  dry riverbank. ,Locality:  Perth. ,,Duplicate,,,,,,,Perth,,,,,,,,,,,,56985,56985,,
41166,7342,1309,,,UNB,"Roberts, P.R.; Bateman, N.",64-942,15,6,1961,,Alder Swamp,,Carleton,New Brunswick,Canada,"Bridge of Little Presque Isle River, Junction of Avondale - Waterside Roads",,,,,,,,,,,,,,,,,,,,,Fraxinus nigra Marsh.      ,,2005-12-06,2015-07-08,,,   Accession # 7342,Collector's # 64-942,,Carleton Co.,,,,,Habitat:  Alder Swamp. ,"Locality:  Bridge of Little Presque Isle River, Junction of Avondale - Waterside Roads. ",,Duplicate,,,,,,,"Bridge of Little Presque Isle River, Junction of Avondale - Waterside Roads",,,,,,,,,,,,56985,56985,,
41211,7343,1310,,,UNB,"Roberts, P.R.; Bateman, N.",64-825,12,6,1964,,Dry sandy point into Grand Lake,,Queens,New Brunswick,Canada,"Palmers Pt. between Douglas Harbour and Princess Park, Grand Lake",,,,19,727341,5090996,45.93489,,,N,66.0674,,,W,,3,21 G/16,ACCDC,Specimen is Reproductive,,Fraxinus pennsylvanica Marsh.      ,,2005-12-14,2015-07-08,,,   Accession # 7343,Collector's # 64-825,,Queens Co.,UTM 19 727341 5090996,,N,W,Habitat:  Dry sandy point into Grand Lake. ,"Locality:  Palmers Pt. between Douglas Harbour and Princess Park, Grand Lake. ",,Duplicate,45.9349,45.9349º N ,66.0674,66.0674º W,,,"Palmers Pt. between Douglas Harbour and Princess Park, Grand Lake",45.9349,66.0674,,,,,,,,,,56985,56985,,
51018,7360,661,,,UNB,"Roberts, P.R.; Bateman, N.",64-961,15,6,1964,,Alder swamp.,,Carleton,New Brunswick,Canada,Bridge:  Little Presque Isle River; Junction of Waterford & Avondale Roads.,,,,,,,46.2842,,,N,67.6296,,,W,,4,21 J/05,UNB,Specimen is not Reproductive,,Ulmus americana L.      ,,2007-02-16,2015-07-08,,Margaret,   Accession # 7360,Collector's # 64-961,15/6/1964/,Carleton Co.,,,N,W,Habitat:  Alder swamp.. ,Locality:  Bridge:  Little Presque Isle River; Junction of Waterford & Avondale Roads.. ,,Duplicate,46.2842,46.2842º N ,67.6296,67.6296º W,,,Bridge:  Little Presque Isle River; Junction of Waterford & Avondale Roads.,46.2842,67.6296,,,,,,,,,,56985,56985,,
51148,7361,661,,,UNB,"Roberts, P.R.; Bateman, N.",64-875,15,6,1964,,Marshy - scattered clumps.  ,,York,New Brunswick,Canada,Barony Stream.,,,,,,,,,,,,,,,,,,,Specimen is not Reproductive,,Ulmus americana L.      ,,2007-02-20,2015-07-08,,Margaret,   Accession # 7361,Collector's # 64-875,15/6/1964/,York Co.,,,,,Habitat:  Marshy - scattered clumps.  . ,Locality:  Barony Stream.. ,,Duplicate,,,,,,,Barony Stream.,,,,,,,,,,,,56985,56985,,
7796,7370,1178,,,UNB,"Roberts, P.R.; Bateman, N.",,9,6,1964,,Wet hillside near creek - predom. hwds.,,Kings,New Brunswick,Canada,2 1/2 mi. SW of Waterford towards Walton Lake.,,,,,,,45.6604,,,N,65.333,,,W,,3,21 H/11,UNB,Specimen lacks Flowers,,Viola cucullata Ait.      ,,2006-12-20,2015-07-08,,Margaret,   Accession # 7370,,9/6/1964/,Kings Co.,,,N,W,Habitat:  Wet hillside near creek - predom. hwds.. ,Locality:  2 1/2 mi. SW of Waterford towards Walton Lake.. ,,Duplicate,45.6604,45.6604º N ,65.333,65.333º W,,,2 1/2 mi. SW of Waterford towards Walton Lake.,45.6604,65.333,,,,n,7796,,,,,56985,56985,,
7858,7373,1170,,,UNB,"Roberts, P.R.; Bateman, N.",64-803,11,6,1964,,"Softwoods, much cut over, at stream side.  Mainly fir.",,York,New Brunswick,Canada,Long's Creek at bridge on Mountain Rd.,,,,,,,,,,,,,,,,,,,Specimen has Flowers or Flower Buds,,Viola conspersa Reichenb.      ,,2007-01-15,2015-07-08,,Margaret,   Accession # 7373,Collector's # 64-803,,York Co.,,,,,"Habitat:  Softwoods, much cut over, at stream side.  Mainly fir.. ",Locality:  Long's Creek at bridge on Mountain Rd.. ,,Duplicate,,,,,,,Long's Creek at bridge on Mountain Rd.,,,,,,n,7858,,,,,56985,56985,,
7935,7380,3263,,,UNB,"Roberts, P.R.; Bateman, N.",64-755,11,6,1964,,Hardwoods.,,York,New Brunswick,Canada,Kelly Brook at bridge on Mountain Rd.,,,,,,,,,,,,,,,,,,,Specimen has Flowers or Flower Buds,,Viola incognita Brainerd.Viola blanda Willd.      ,,2007-01-19,2015-07-08,,Margaret,   Accession # 7380,Collector's # 64-755,,York Co.,,,,,Habitat:  Hardwoods.. ,Locality:  Kelly Brook at bridge on Mountain Rd.. ,,Duplicate,,,,,,,Kelly Brook at bridge on Mountain Rd.,,,,,,n,7935,,,,,56985,56985,,
7864,7382,1170,,,UNB,"Roberts, P.R.; Bateman, N.",64-12,10,5,1964,,Hill - field.,,York,New Brunswick,Canada,Hill above Mactaquac River.,,,,,,,,,,,,,,,,,,,Specimen has Flowers or Flower Buds,,Viola conspersa Reichenb.      ,,2007-01-15,2015-07-08,,Margaret,   Accession # 7382,Collector's # 64-12,,York Co.,,,,,Habitat:  Hill - field.. ,Locality:  Hill above Mactaquac River.. ,,Duplicate,,,,,,,Hill above Mactaquac River.,,,,,,n,7864,,,,,56985,56985,,
65788,7425,97,,,UNB,"MacCall, C.O.",65-2-21,24,8,1964,,"Woodlot, undisturbed , Elev. 200'",,Queens,New Brunswick,Canada,"Hunters Home, 3-082186",,,,,,,46,1,41,N,65,37,7,W,,4,,Databaser,Specimen is reproductive,,Picea mariana (Mill.) BSP.      ,,2011-09-01,2015-07-08,,shortt,   Accession # 7425,Collector's # 65-2-21,24/8/1964/,Queens Co.,,,N,W,"Habitat:  Woodlot, undisturbed , Elev. 200'. ","Locality:  Hunters Home, 3-082186. ",,Duplicate,46.0281,46.0281º N ,65.6186,65.6186º W,,,"Hunters Home, 3-082186",46.0281,65.6186,,,,,65788,,,,,56985,56985,,
65484,7445,104,,,UNB,"Roberts, P.R.; Bateman, N.",64-1403,22,6,1964,,Damp cedar woods,,Carleton,New Brunswick,Canada,Summerfield,,,,,,,46,31,37,N,67,41,18,W,,4,,Databaser,Specimen has flowers,,Thuja occidentalis L.      ,,2011-08-23,2015-07-08,,shortt,   Accession # 7445,Collector's # 64-1403,22/6/1964/,Carleton Co.,,,N,W,Habitat:  Damp cedar woods. ,Locality:  Summerfield. ,,Duplicate,46.5269,46.5269º N ,67.6883,67.6883º W,,,Summerfield,46.5269,67.6883,,,,,65484,,,,,56985,56985,,
27451,7494,1247,,,UNB,"Roberts, P.R.; Bateman, N.",64-1380,22,6,1964,,rich hardwoods,,Victoria,New Brunswick,Canada,Bon Accord,,,,,,,,,,,,,,,,,,,Specimen has Flowers or Flower Buds,,Sanicula marilandica L.      ,"CAN Database, rare and endangered plants project, K. M. Pryer 1986",2003-09-11,2015-07-08,,,   Accession # 7494,Collector's # 64-1380,,Victoria Co.,,,,,Habitat:  rich hardwoods. ,Locality:  Bon Accord. ,"Notes:  CAN Database, rare and endangered plants project, K. M. Pryer 1986.",Duplicate,,,,,,,Bon Accord,,,,,,,,,,,,56985,56985,,
27394,7495,1241,,,UNB,"Roberts, P.R.; Bateman, N.",64-1359,22,6,1964,,rich hardwoods,,Victoria,New Brunswick,Canada,Bon Accord,,,,,,,,,,,,,,,,,,,Specimen has Flowers or Flower Buds,,Osmorhiza claytonii (Michx.) Clarke      ,,2003-09-11,2015-07-08,,,   Accession # 7495,Collector's # 64-1359,,Victoria Co.,,,,,Habitat:  rich hardwoods. ,Locality:  Bon Accord. ,,Duplicate,,,,,,,Bon Accord,,,,,,,,,,,,56985,56985,,
27245,7500,1236,,,UNB,"Roberts, P.R.; Bateman, N.",64-1171,22,6,1964,,riverbank with elms,,Carleton,New Brunswick,Canada,"N. Becaguimec R., 1/2 mi. from bridge at Carlisle",,,,,,,,,,,,,,,,,,,Specimen has neither Fruit nor Flowers,,Heracleum maximum Bartr.      ,,2003-09-09,2015-07-08,,,   Accession # 7500,Collector's # 64-1171,,Carleton Co.,,,,,Habitat:  riverbank with elms. ,"Locality:  N. Becaguimec R., 1/2 mi. from bridge at Carlisle. ",,Duplicate,,,,,,,"N. Becaguimec R., 1/2 mi. from bridge at Carlisle",,,,,,,,,,,,56985,56985,,
27146,7501,1229,,,UNB,"Roberts, P.R.; Bateman, N.",64-1306,23,6,1964,,old field,,Victoria,New Brunswick,Canada,Bon Accord,,,,,,,,,,,,,,,,,,,Specimen has Flowers or Flower Buds,,Carum carvi L.      ,,2003-09-05,2015-07-08,,,   Accession # 7501,Collector's # 64-1306,23/6/1964/,Victoria Co.,,,,,Habitat:  old field. ,Locality:  Bon Accord. ,,Duplicate,,,,,,,Bon Accord,,,,,,,,,,,,56985,56985,,
63174,7518,624,,,UNB,"Roberts, P.R.; Bateman, N.",64-1372,22,6,1964,,Open field,,Victoria,New Brunswick,Canada,Bon Accord,,,,,,,46,39,11,N,67,34,53,W,,4,,,No reproductive structures seen on specimen,,Salix discolor Muhl.      ,,2011-05-16,2015-07-08,,shortt,   Accession # 7518,Collector's # 64-1372,22/6/1964/,Victoria Co.,,,N,W,Habitat:  Open field. ,Locality:  Bon Accord. ,,Duplicate,46.6531,46.6531º N ,67.5814,67.5814º W,,,Bon Accord,46.6531,67.5814,,,,,63174,,,,,56985,56985,,
63319,7519,625,,,UNB,"Roberts, P.R.; Drury, D.E.",63-1111a,8,8,1963,,Rocky river bank,,Northumberland,New Brunswick,Canada,Sillikers,,,,,,,46,56,51,N,65,52,33,W,,4,,,No reproductive structures seen on specimen,,Salix rigidaSalix rigida x s. discolor? by H.hinds 1979Salix eriocephala Michx.      by by G.W.Argus 1980,,2011-05-19,2015-07-08,,shortt,   Accession # 7519,Collector's # 63-1111a,8/8/1963/,Northumberland Co.,,,N,W,Habitat:  Rocky river bank. ,Locality:  Sillikers. ,,Duplicate,46.9475,46.9475º N ,65.8758,65.8758º W,,,Sillikers,46.9475,65.8758,,,,,63319,,,,,56985,56985,,
63255,7520,625,,,UNB,"Roberts, P.R.; Drury, D.E.",63-1111,8,8,1963,,Rocky riverbank,,Northumberland,New Brunswick,Canada,Sillikers,,,,,,,46,56,51,N,65,52,33,W,,4,,,No reproductive structures seen on specimen,,"Salix rigida Muhl.Salix cordata var. rigida (Muhl.) F. mollis (P.+S.) Fern Carey, by H.Hinds 1979Salix eriocephala Michx.       by 1984",,2011-05-18,2015-07-08,,shortt,   Accession # 7520,Collector's # 63-1111,8/8/1963/,Northumberland Co.,,,N,W,Habitat:  Rocky riverbank. ,Locality:  Sillikers. ,,Duplicate,46.9475,46.9475º N ,65.8758,65.8758º W,,,Sillikers,46.9475,65.8758,,,,,63255,,,,,56985,56985,,
54451,7523,687,,,UNB,"Roberts, P.R.; Drury, D.E.",63-1889,21,8,1963,,Beside waterfall,,Restigouche,New Brunswick,Canada,McDougall Brook Road,,,,,,,,,,,,,,,,,,,Specimen has fruit,,Fallopia cilinodis (Michx.) J. Holub      ,,2009-02-19,2015-07-08,,admin,   Accession # 7523,Collector's # 63-1889,21/8/1963/,Restigouche Co.,,,,,Habitat:  Beside waterfall. ,Locality:  McDougall Brook Road. ,,Duplicate,,,,,,,McDougall Brook Road,,,,,,,54451,,,,,56985,56985,,
63296,7535,625,,,UNB,"Roberts, P.R.; Drury, D.E.",63-1923,21,8,1963,,Rocky strand,,Restigouche,New Brunswick,Canada,Junction of Restigouche and Upsalquitch Rivers,,,,,,,47,53,,N,66,57,,W,,4,,,No reproductive structures seen on specimen,,Salix rigida MuhlSalix eriocephala Michx.      by ?? 1984,,2011-05-19,2015-07-08,,shortt,   Accession # 7535,Collector's # 63-1923,21/8/1963/,Restigouche Co.,,,N,W,Habitat:  Rocky strand. ,Locality:  Junction of Restigouche and Upsalquitch Rivers. ,,Duplicate,47.8833,47.8833º N ,66.95,66.95º W,,,Junction of Restigouche and Upsalquitch Rivers,47.8833,66.95,,,,,63296,,,,,56985,56985,,
63172,7536,624,,,UNB,"Roberts, P.R.; Drury, D.E.",63-2089,23,8,1963,,Roadside,,Northumberland,New Brunswick,Canada,Burnt Church River at Hwy bridge over #11,,,,,,,47,12,43,N,65,7,9,W,,4,,,No reproductive structures seen on specimen,,Salix discolor Muhl.      ,,2011-05-16,2015-07-08,,shortt,   Accession # 7536,Collector's # 63-2089,23/8/1963/,Northumberland Co.,,,N,W,Habitat:  Roadside. ,Locality:  Burnt Church River at Hwy bridge over #11. ,,Duplicate,47.2119,47.2119º N ,65.1192,65.1192º W,,,Burnt Church River at Hwy bridge over #11,47.2119,65.1192,,,,,63172,,,,,56985,56985,,
62901,7540,618,,,UNB,"Roberts, P.R.; Bateman, N.",64-1378,22,6,1964,,Rich hardwoods,,Victoria,New Brunswick,Canada,Bon Accord,,,,,,,46,39,11,N,67,34,53,W,,4,,,No reproductive structures seen on specimen,,Populus balsamifera L.      ,,2011-05-05,2015-07-08,,shortt,   Accession # 7540,Collector's # 64-1378,22/6/1964/,Victoria Co.,,,N,W,Habitat:  Rich hardwoods. ,Locality:  Bon Accord. ,,Duplicate,46.6531,46.6531º N ,67.5814,67.5814º W,,,Bon Accord,46.6531,67.5814,,,,,62901,,,,,56985,56985,,
63275,7541,625,,,UNB,"Roberts, P.R.; Bateman, N.",64-1374,22,6,1964,,Open field,,Victoria,New Brunswick,Canada,Bon Accord,,,,,,,46,39,11,N,67,34,53,W,,4,,,Specimen has flowers,,Salix cordataSalix eriocephala Michx.      by ?? 1984,,2011-05-18,2015-07-08,,shortt,   Accession # 7541,Collector's # 64-1374,22/6/1964/,Victoria Co.,,,N,W,Habitat:  Open field. ,Locality:  Bon Accord. ,,Duplicate,46.6531,46.6531º N ,67.5814,67.5814º W,,,Bon Accord,46.6531,67.5814,,,,,63275,,,,,56985,56985,,
41132,7568,1309,,,UNB,"Roberts, P.R.; Bateman, N.",64-1292,22,6,1964,,Rich flood plain,,Victoria,New Brunswick,Canada,"Muniac River, 2 1/2 mi. from Lower Kintore",,,,,,,46.6518,,,N,67.6692,,,W,,3,21 J/12,UNB,,,Fraxinus nigra Marsh.      ,,2005-12-06,2015-07-08,,,   Accession # 7568,Collector's # 64-1292,,Victoria Co.,,,N,W,Habitat:  Rich flood plain. ,"Locality:  Muniac River, 2 1/2 mi. from Lower Kintore. ",,Duplicate,46.6518,46.6518º N ,67.6692,67.6692º W,,,"Muniac River, 2 1/2 mi. from Lower Kintore",46.6518,67.6692,,,,,,,,,,56985,56985,,
41165,7569,1309,,,UNB,"Roberts, P.R.; Bateman, N.",64-1401,22,6,1964,,Damp cedarwoods,,Carleton,New Brunswick,Canada,Summerfield,,,,,,,46.5358,,,N,67.6833,,,W,,3,21 J/12,UNB,,,Fraxinus nigra Marsh.      ,,2005-12-06,2015-07-08,,,   Accession # 7569,Collector's # 64-1401,,Carleton Co.,,,N,W,Habitat:  Damp cedarwoods. ,Locality:  Summerfield. ,,Duplicate,46.5358,46.5358º N ,67.6833,67.6833º W,,,Summerfield,46.5358,67.6833,,,,,,,,,,56985,56985,,
41137,7570,1309,,,UNB,"Roberts, P.R.; Bateman, N.",64-1429,22,6,1964,,Swale of mature hardwoods,,Carleton,New Brunswick,Canada,Near Summerfield,,,,,,,46.5358,,,N,67.6833,,,W,,3,21 J/12,UNB,,,Fraxinus nigra Marsh.      ,,2005-12-06,2015-07-08,,,   Accession # 7570,Collector's # 64-1429,,Carleton Co.,,,N,W,Habitat:  Swale of mature hardwoods. ,Locality:  Near Summerfield. ,,Duplicate,46.5358,46.5358º N ,67.6833,67.6833º W,,,Near Summerfield,46.5358,67.6833,,,,,,,,,,56985,56985,,
41164,7571,1309,,,UNB,"Roberts, P.R.; Bateman, N.",64-810,11,6,1964,,Flora similar to hwds. higher up hwds.,,York,New Brunswick,Canada,Kelly Brook at bridge on Mt. (?) Road,,,,,,,,,,,,,,,,,,,,,Fraxinus nigra Marsh.      ,,2005-12-06,2015-07-08,,,   Accession # 7571,Collector's # 64-810,,York Co.,,,,,Habitat:  Flora similar to hwds. higher up hwds.. ,Locality:  Kelly Brook at bridge on Mt. (?) Road. ,,Duplicate,,,,,,,Kelly Brook at bridge on Mt. (?) Road,,,,,,,,,,,,56985,56985,,
31279,7580,651,,,UNB,"Roberts, P.R.; Bateman, N.",64-1319,22,6,1964,,cutover forest,,Victoria,New Brunswick,Canada,Bon Accord,,,,,,,,,,,,,,,,,,,Specimen has neither Fruit nor Flowers,,Betula papyrifera Marsh.      ,,2004-01-07,2015-07-08,,,   Accession # 7580,Collector's # 64-1319,,Victoria Co.,,,,,Habitat:  cutover forest. ,Locality:  Bon Accord. ,,Duplicate,,,,,,,Bon Accord,,,,,,,,,,,,56985,56985,,
31549,7581,656,,,UNB,"Roberts, P.R.; Bateman, N.",64-164,27,5,1964,,sugar maple-beech forest,,York,New Brunswick,Canada,"Mountain Road, near Mazerolle Settlement",,,,,,,,,,,,,,,,,,,Specimen has neither Fruit nor Flowers,,Ostrya virginiana (Mill.) Koch      ,,2004-01-12,2015-07-08,,,   Accession # 7581,Collector's # 64-164,,York Co.,,,,,Habitat:  sugar maple-beech forest. ,"Locality:  Mountain Road, near Mazerolle Settlement. ",,Duplicate,,,,,,,"Mountain Road, near Mazerolle Settlement",,,,,,,,,,,,56985,56985,,
35676,7590,1281,,,UNB,"Roberts, P.R.; Bateman, N.",64-1446,24,6,1964,,black spruce stand,,Victoria,New Brunswick,Canada,1/2 mi. from Foreston(?) on North Ridge Road,,,,,,,,,,,,,,,,,,,Specimen has Flowers or Flower Buds,,Rhododendron groenlandicum (Oeder) Kron & Judd      ,,2004-04-21,2015-07-08,,,   Accession # 7590,Collector's # 64-1446,,Victoria Co.,,,,,Habitat:  black spruce stand. ,Locality:  1/2 mi. from Foreston(?) on North Ridge Road. ,,Duplicate,,,,,,,1/2 mi. from Foreston(?) on North Ridge Road,,,,,,,,,,,,56985,56985,,
35281,7591,1274,,,UNB,"Roberts, P.R.; Bateman, N.",64-1440,24,6,1964,,black spruce stand,,Victoria,New Brunswick,Canada,1/2 mi. from forest on North Ridge Road,,,,,,,,,,,,,,,,,,,Specimen has neither Fruit nor Flowers,,Epigaea repens L.      ,,2004-04-14,2015-07-08,,,   Accession # 7591,Collector's # 64-1440,,Victoria Co.,,,,,Habitat:  black spruce stand. ,Locality:  1/2 mi. from forest on North Ridge Road. ,,Duplicate,,,,,,,1/2 mi. from forest on North Ridge Road,,,,,,,,,,,,56985,56985,,
31460,7608,655,,,UNB,"Roberts, P.R.; Bateman, N.",64-309,28,5,1964,,"ridge, cutover hardwoods, beech and maple",,Queens,New Brunswick,Canada,ridge between Thorneton and Thompson,,,,20,287839,5081012,45.849989,,,N,65.73261,,,W,,4,21 H/13,ACCDC,Specimen has neither Fruit nor Flowers,,Corylus cornuta Marsh.      ,,2004-01-09,2015-07-08,,,   Accession # 7608,Collector's # 64-309,,Queens Co.,UTM 20 287839 5081012,,N,W,"Habitat:  ridge, cutover hardwoods, beech and maple. ",Locality:  ridge between Thorneton and Thompson. ,,Duplicate,45.85,45.85º N ,65.7326,65.7326º W,,,ridge between Thorneton and Thompson,45.85,65.7326,,,,,,,,,,56985,56985,,
60687,7609,962,,,UNB,"Roberts, P.R.; Drury, D.E.",63-1538,19,8,1963,,Above gorge below falls,,Victoria,New Brunswick,Canada,"Grand Falls,",,,,,,,47,3,9,N,67,44,6,W,,4,,,Specimen is reproductive,,Geum aleppicum Jacq.      ,,2011-02-25,2015-07-08,,shortt,   Accession # 7609,Collector's # 63-1538,19/8/1963/,Victoria Co.,,,N,W,Habitat:  Above gorge below falls. ,"Locality:  Grand Falls,. ",,Duplicate,47.0525,47.0525º N ,67.735,67.735º W,,,"Grand Falls,",47.0525,67.735,,,,,60687,,,,,56985,56985,,
33050,7618,1484,,,UNB,"Roberts, P.R.; Bateman, N.",64-319,28,5,1964,,"valley flora, spruce, fir, aspen, wire birch, cherry",,Kings,New Brunswick,Canada,"1/2 mi. from border of Kings-Queens county line, to Bellisle",,,,,,,45.774,,,N,65.8035,,,W,,3,21 H/14,UNB,Specimen has both Fruit and Flowers,,Lonicera canadensis Bartr. ex Marsh.      ,,2004-02-12,2015-07-08,,,   Accession # 7618,Collector's # 64-319,,Kings Co.,,,N,W,"Habitat:  valley flora, spruce, fir, aspen, wire birch, cherry. ","Locality:  1/2 mi. from border of Kings-Queens county line, to Bellisle. ",,Duplicate,45.774,45.774º N ,65.8035,65.8035º W,,,"1/2 mi. from border of Kings-Queens county line, to Bellisle",45.774,65.8035,,,,,,,,,,56985,56985,,
33052,7619,1484,,,UNB,"Roberts, P.R.; Bateman, N.",64-300,28,5,1964,,cutover hardwoods beech and maple ridge,,Queens,New Brunswick,Canada,ridge between Thorneton and Thompson,,,,20,287839,5081012,45.849989,,,N,65.73261,,,W,,4,21 H/13,ACCDC,Specimen has Fruit but no Flowers,,Lonicera canadensis Bartr. ex Marsh.      ,,2004-02-12,2015-07-08,,,   Accession # 7619,Collector's # 64-300,28/5/1964/,Queens Co.,UTM 20 287839 5081012,,N,W,Habitat:  cutover hardwoods beech and maple ridge. ,Locality:  ridge between Thorneton and Thompson. ,,Duplicate,45.85,45.85º N ,65.7326,65.7326º W,,,ridge between Thorneton and Thompson,45.85,65.7326,,,,,,,,,,56985,56985,,
32711,7620,1481,,,UNB,"Roberts, P.R.; Bateman, N.",64-303,28,5,1964,,"ridge cutover, hardwoods, beech and maple",,Queens,New Brunswick,Canada,ridge between Thorneton and Thompson,,,,20,287839,5081012,45.849989,,,N,65.73261,,,W,,4,21 H/13,ACCDC,Specimen has neither Fruit nor Flowers,,Diervilla lonicera P. Mill.      ,,2004-02-04,2015-07-08,,,   Accession # 7620,Collector's # 64-303,,Queens Co.,UTM 20 287839 5081012,,N,W,"Habitat:  ridge cutover, hardwoods, beech and maple. ",Locality:  ridge between Thorneton and Thompson. ,,Duplicate,45.85,45.85º N ,65.7326,65.7326º W,,,ridge between Thorneton and Thompson,45.85,65.7326,,,,,,,,,,56985,56985,,
40945,7621,641,,,UNB,"Roberts, P.R.; Drury, D.E.",63-1881,21,8,1963,,Lake edge,,Restigouche,New Brunswick,Canada,McDougall Lake,,,,,,,,,,,,,,,,,,,Specimen has neither Fruit nor Flowers,,Myrica gale L.      ,,2005-11-07,2015-07-08,,,   Accession # 7621,Collector's # 63-1881,,Restigouche Co.,,,,,Habitat:  Lake edge. ,Locality:  McDougall Lake. ,,Duplicate,,,,,,,McDougall Lake,,,,,,,,,,,,56985,56985,,
37838,7638,918,,,UNB,"Roberts, P.R.; Bateman, N.",64-1397,22,6,1964,,cedar swamp,,Carleton,New Brunswick,Canada,near Summerfield,,,,,,,46.5358,,,N,67.6833,,,W,,3,21 J/12,UNB,Specimen has Fruit,,Ribes lacustre (Pers.) Poir.      ,,2004-06-28,2015-07-08,,,   Accession # 7638,Collector's # 64-1397,,Carleton Co.,,,N,W,Habitat:  cedar swamp. ,Locality:  near Summerfield. ,,Duplicate,46.5358,46.5358º N ,67.6833,67.6833º W,,,near Summerfield,46.5358,67.6833,,,,,,,,,,56985,56985,,
63708,7639,910,,,UNB,"Roberts, P.R.; Drury, D.E.",63-1823,21,8,1963,,Woods,,Restigouche,New Brunswick,Canada,States Lake ,,,,,,,47,55,6,N,67,45,22,W,,4,,,No reproductive structures seen on specimen,,Chrysosplenium americanum Schwein.      ,,2011-06-06,2015-07-08,,shortt,   Accession # 7639,Collector's # 63-1823,21/8/1963/,Restigouche Co.,,,N,W,Habitat:  Woods. ,Locality:  States Lake . ,,Duplicate,47.9183,47.9183º N ,67.7561,67.7561º W,,,States Lake ,47.9183,67.7561,,,,,63708,,,,,56985,56985,,
37522,7642,914,,,UNB,"Roberts, P.R.; Bateman, N.",64-1398,22,6,1964,,cedar swamp,,Carleton,New Brunswick,Canada,near Summerfield,,,,,,,46.5358,,,N,67.6833,,,W,,3,21 J/12,UNB,Specimen has Fruit,,Ribes americanum P. Miller      ,,2004-06-16,2015-07-08,,,   Accession # 7642,Collector's # 64-1398,,Carleton Co.,,,N,W,Habitat:  cedar swamp. ,Locality:  near Summerfield. ,,Duplicate,46.5358,46.5358º N ,67.6833,67.6833º W,,,near Summerfield,46.5358,67.6833,,,,,,,,,,56985,56985,,
37856,7643,918,,,UNB,"Roberts, P.R.; Bateman, N.",64-1365,22,6,1964,,rich floodplain,,Victoria,New Brunswick,Canada,Bon Accord,,,,,,,,,,,,,,,,,,,,,Ribes lacustre (Pers.) Poir.      ,,2004-06-28,2015-07-08,,,   Accession # 7643,Collector's # 64-1365,,Victoria Co.,,,,,Habitat:  rich floodplain. ,Locality:  Bon Accord. ,,Duplicate,,,,,,,Bon Accord,,,,,,,,,,,,56985,56985,,
33532,7654,754,,,UNB,"Roberts, P.R.; Bateman, N.",64-1302b,23,6,1964,,field,,Victoria,New Brunswick,Canada,Bon Accord,,,,,,,,,,,,,,,,,,,Specimen has Flowers or Flower Buds,,Cerastium fontanum Baumg. ssp. vulgare (Hartman) Greuter & Burdet   ,,2004-03-08,2015-07-08,,,   Accession # 7654,Collector's # 64-1302b,,Victoria Co.,,,,,Habitat:  field. ,Locality:  Bon Accord. ,,Duplicate,,,,,,,Bon Accord,,,,,,,,,,,,56985,56985,,
33981,7655,783,,,UNB,"Roberts, P.R.; Bateman, N.",64-1312,23,6,1964,,old field cut over,,Victoria,New Brunswick,Canada,Bon Accord,,,,,,,,,,,,,,,,,,,Specimen has Fruit but no Flowers,,Stellaria graminea L.      ,,2004-03-16,2015-07-08,,,   Accession # 7655,Collector's # 64-1312,23/6/1964/,Victoria Co.,,,,,Habitat:  old field cut over. ,Locality:  Bon Accord. ,,Duplicate,,,,,,,Bon Accord,,,,,,,,,,,,56985,56985,,
62517,7668,1466,,,UNB,"Roberts, P.R.; Bateman, N.",64-1391,22,6,1964,,Dry roadside,,Victoria,New Brunswick,Canada,3/10 miles up on Muniac Road from TC highway,,,,,,,46,37,,N,67,42,,W,,4,,,Specimen has flowers,,Galium boreale L.      ,,2011-04-26,2015-07-08,,shortt,   Accession # 7668,Collector's # 64-1391,22/6/1964/,Victoria Co.,,,N,W,Habitat:  Dry roadside. ,Locality:  3/10 miles up on Muniac Road from TC highway. ,,Duplicate,46.6167,46.6167º N ,67.7,67.7º W,,,3/10 miles up on Muniac Road from TC highway,46.6167,67.7,,,,,62517,,,,,56985,56985,,
64230,7669,1436,,,UNB,"Roberts, P.R.; Bateman, N.",64-1083,22,6,1964,,Clearing,,York,New Brunswick,Canada,Top of Crabbe Mountain,,,,,,,46,7,13,N,67,6,31,W,,4,,Databaser,Specimen has flowers,,Veronica officinalis L. var. tournefortii (Vill.) Reichenb.   ,,2011-06-23,2015-07-08,,shortt,   Accession # 7669,Collector's # 64-1083,22/6/1964/,York Co.,,,N,W,Habitat:  Clearing. ,Locality:  Top of Crabbe Mountain. ,,Duplicate,46.1203,46.1203º N ,67.1086,67.1086º W,,,Top of Crabbe Mountain,46.1203,67.1086,,,,,64230,,,,,56985,56985,,
40812,7675,1409,,,UNB,"Roberts, P.R.; Drury, D.E.",63-1433,14,8,1963,,Dry field,,York,New Brunswick,Canada,N. of Maxwell on Canterbury Rd. Eel R. ,,,,19,600490,5086875,45.92809,,,N,67.7039,,,W,,2,21 G/13,ACCDC,Specimen has Flowers or Flower Buds,,Euphrasia rigidulaEuphrasia stricta J.P. Wolff ex J.F. Lehm.      ,,2004-11-12,2015-07-08,,,   Accession # 7675,Collector's # 63-1433,,York Co.,UTM 19 600490 5086875,,N,W,Habitat:  Dry field. ,Locality:  N. of Maxwell on Canterbury Rd. Eel R. . ,,Duplicate,45.9281,45.9281º N ,67.7039,67.7039º W,,,N. of Maxwell on Canterbury Rd. Eel R. ,45.9281,67.7039,,,,,,,,,,56985,56985,,
63669,7678,902,,,UNB,"Roberts, P.R.; Drury, D.E.",63-2067,23,8,1963,,Heath,,Gloucester,New Brunswick,Canada,Between Miscou light and Miscou Ferry,,,,,,,48,0,59,N,64,30,55,W,,3,,,Specimen has flowers,,Sarracenia purpurea L.      ,,2011-06-06,2015-07-08,,shortt,   Accession # 7678,Collector's # 63-2067,23/8/1963/,Gloucester Co.,,,N,W,Habitat:  Heath. ,Locality:  Between Miscou light and Miscou Ferry. ,,Duplicate,48.0164,48.0164º N ,64.5153,64.5153º W,,,Between Miscou light and Miscou Ferry,48.0164,64.5153,,,,,63669,,,,,56985,56985,,
37290,7698,657,,,UNB,"Roberts, P.R.; Bateman, N.",64-1355,22,6,1964,,rich hardwoods,,Victoria,New Brunswick,Canada,Bon Accord,,,,,,,,,,,,,,,,,,,,,Fagus grandifolia Ehrh.      ,,2004-06-11,2015-07-08,,,   Accession # 7698,Collector's # 64-1355,,Victoria Co.,,,,,Habitat:  rich hardwoods. ,Locality:  Bon Accord. ,,Duplicate,,,,,,,Bon Accord,,,,,,,,,,,,56985,56985,,
57569,7699,797,,,UNB,"Roberts, P.R.; Bateman, N.",64-1375,22,6,1964,,Rich hardwoods,,Victoria,New Brunswick,Canada,Bon Accord,,,,,,,46,39,11,N,67,34,53,W,,,,,Specimen has fruit,,Actaea rubra (Ait.) Willd.      ,,2010-10-26,2015-07-08,,shortt,   Accession # 7699,Collector's # 64-1375,22/6/1964/,Victoria Co.,,,N,W,Habitat:  Rich hardwoods. ,Locality:  Bon Accord. ,,Duplicate,46.6531,46.6531º N ,67.5814,67.5814º W,,,Bon Accord,46.6531,67.5814,,,,,57569,,,,,56985,56985,,
58184,7708,808,,,UNB,"Roberts, P.R.; Bateman, N.",64-1428,22,6,1964,,mature hardwoods,,Carleton,New Brunswick,Canada,Near Summerfield,,,,,,,46,31,37,N,67,41,18,W,,,,,No reproductive structures seen on specimen,,Clematis virginiana L.      ,,2010-11-12,2015-07-08,,shortt,   Accession # 7708,Collector's # 64-1428,22/6/1964/,Carleton Co.,,,N,W,Habitat:  mature hardwoods. ,Locality:  Near Summerfield. ,,Duplicate,46.5269,46.5269º N ,67.6883,67.6883º W,,,Near Summerfield,46.5269,67.6883,,,,,58184,,,,,56985,56985,,
57884,7709,798,,,UNB,"Roberts, P.R.; Bateman, N.",64-1433,22,6,1964,,dry roadside,,Carleton,New Brunswick,Canada,Near River de Chute,,,,,,,,,,,,,,,,,,,Specimen has flowers,,Anemone canadensis L.      ,,2010-10-28,2015-07-08,,shortt,   Accession # 7709,Collector's # 64-1433,22/6/1964/,Carleton Co.,,,,,Habitat:  dry roadside. ,Locality:  Near River de Chute. ,,Duplicate,,,,,,,Near River de Chute,,,,,,,57884,,,,,56985,56985,,
60806,7718,967,,,UNB,"Roberts, P.R.; Bateman, N.",64-1253,22,6,1964,,Floodplain with elms,,Victoria,New Brunswick,Canada,Muniac River at Lower Kintore,,,,,,,46,40,21,N,67,39,0,W,,4,,,Specimen has flowers,,Geum rivale L.      ,,2011-03-02,2015-07-08,,shortt,   Accession # 7718,Collector's # 64-1253,22/6/1964/,Victoria Co.,,,N,W,Habitat:  Floodplain with elms. ,Locality:  Muniac River at Lower Kintore. ,,Duplicate,46.6725,46.6725º N ,67.65,67.65º W,,,Muniac River at Lower Kintore,46.6725,67.65,,,,,60806,,,,,56985,56985,,
60789,7719,967,,,UNB,"Roberts, P.R.; Bateman, N.",64-1200,22,6,1964,,Field,,Carleton,New Brunswick,Canada,"End of road, N of E Glassville ",,,,,,,46,28,53,N,67,25,24,W,,4,,,Specimen has flowers,,Geum rivale L.      ,,2011-03-01,2015-07-08,,shortt,   Accession # 7719,Collector's # 64-1200,22/6/1964/,Carleton Co.,,,N,W,Habitat:  Field. ,"Locality:  End of road, N of E Glassville . ",,Duplicate,46.4814,46.4814º N ,67.4233,67.4233º W,,,"End of road, N of E Glassville ",46.4814,67.4233,,,,,60789,,,,,56985,56985,,
62938,7727,619,,,UNB,,,,7,1844,,low woods,,York,New Brunswick,Canada,"Brook, College Road, Fredericton",,,,,,,45,56,43,N,66,40,0,W,,4,,,No reproductive structures seen on specimen,,Populus grandidentata Michx.      ,,2011-05-05,2015-07-08,,shortt,   Accession # 7727,,00/7/1844/,York Co.,,,N,W,Habitat:  low woods. ,"Locality:  Brook, College Road, Fredericton. ",,Duplicate,45.9453,45.9453º N ,66.6667,66.6667º W,,,"Brook, College Road, Fredericton",45.9453,66.6667,,,,,62938,,,,,56985,56985,,
62939,7728,619,,,UNB,,,,5,1838,,woods,,York,New Brunswick,Canada,Fredericton,,,,,,,45,56,43,N,66,40,0,W,,4,,,Specimen has flowers,,Populus grandidentata Michx.      ,,2011-05-05,2015-07-08,,shortt,   Accession # 7728,,00/5/1838/,York Co.,,,N,W,Habitat:  woods. ,Locality:  Fredericton. ,,Duplicate,45.9453,45.9453º N ,66.6667,66.6667º W,,,Fredericton,45.9453,66.6667,,,,,62939,,,,,56985,56985,,
55480,7730,748,,,UNB,"Roberts, P.R.; Bateman, N.",64-1431,22,6,1964,,mature hardwoods,,Carleton,New Brunswick,Canada,Near Summerfield,,,,,,,46,31,37,N,67,41,18,W,,,,,Specimen has flowers,,Claytonia caroliniana Michx.      ,Mapped for NB Flora,2010-09-28,2015-07-08,,shortt,   Accession # 7730,Collector's # 64-1431,22/6/1964/,Carleton Co.,,,N,W,Habitat:  mature hardwoods. ,Locality:  Near Summerfield. ,Notes:  Mapped for NB Flora.,Duplicate,46.5269,46.5269º N ,67.6883,67.6883º W,,,Near Summerfield,46.5269,67.6883,,,,,55480,,,,,56985,56985,,
55481,7731,748,,,UNB,"Roberts, P.R.; Bateman, N.",64-1360,22,6,1964,,rich hardwoods,,Victoria,New Brunswick,Canada,Bon Accord,,,,,,,46,39,11,N,67,34,53,W,,,,,Specimen has flowers,,Claytonia caroliniana Michx.      ,Mapped for NB Flora,2010-09-28,2015-07-08,,shortt,   Accession # 7731,Collector's # 64-1360,22/6/1964/,Victoria Co.,,,N,W,Habitat:  rich hardwoods. ,Locality:  Bon Accord. ,Notes:  Mapped for NB Flora.,Duplicate,46.6531,46.6531º N ,67.5814,67.5814º W,,,Bon Accord,46.6531,67.5814,,,,,55481,,,,,56985,56985,,
33194,7799,1491,,,UNB,"Roberts, P.R.; Bateman, N.",64-191,27,5,1964,,sugar maple- beech forest,,York,New Brunswick,Canada,"Mountain Road, near Mazerolle Settlement",,,,,,,,,,,,,,,,,,,Specimen has Flowers or Flower Buds,,Sambucus racemosa L. ssp. pubens (Michx.) House.   ,,2004-02-17,2015-07-08,,,   Accession # 7799,Collector's # 64-191,,York Co.,,,,,Habitat:  sugar maple- beech forest. ,"Locality:  Mountain Road, near Mazerolle Settlement. ",,Duplicate,,,,,,,"Mountain Road, near Mazerolle Settlement",,,,,,,,,,,,56985,56985,,
684,7809,1557.5,,,UNB,"Roberts, P.R.; Drury, D.E.",63-1779,21,8,1963,,,,Restigouche,New Brunswick,Canada,"Montgomery Bridge, strand of Restigouche River",,,,19,613159,5279488,47.658887,,,N,67.49293,,,W,83,3,21 O/11,ACCDC,Specimen has Flowers or Flower Buds,,"Aster novae-angliaeAster modestus Lindl.       1986Hinds, H.R.",,,2015-11-25,,,   Accession # 7809,Collector's # 63-1779,,Restigouche Co.,UTM 19 613159 5279488,,N,W,,"Locality:  Montgomery Bridge, strand of Restigouche River. ",,Duplicate,47.6589,47.6589º N ,67.4929,67.4929º W,,,Specific location data for rare species is available on request,,,,,,,,,,,,56985,56985,,
30630,7812,1898,,,UNB,"Roberts, P.R.; Bateman, N.",64-1307,23,6,1964,,old field,,Victoria,New Brunswick,Canada,Bon Accord,,,,,,,,,,,,,,,,,,,Specimen has Flowers or Flower Buds,,Taraxacum officinale Weber      ,,2003-12-18,2015-07-08,,,   Accession # 7812,Collector's # 64-1307,,Victoria Co.,,,,,Habitat:  old field. ,Locality:  Bon Accord. ,,Duplicate,,,,,,,Bon Accord,,,,,,,,,,,,56985,56985,,
26745,7828,1901,,,UNB,"Roberts, P.R.; Bateman, N.",64-170,27,5,1964,,s. maple- beech hardwoods,,York,New Brunswick,Canada,"Mountain Road, near Mazerolle Settlement",,,,,,,,,,,,,,,,,,,Specimen has Fruit but no Flowers,,Acer rubrum L.      ,,2003-08-06,2015-07-08,,,   Accession # 7828,Collector's # 64-170,,York Co.,,,,,Habitat:  s. maple- beech hardwoods. ,"Locality:  Mountain Road, near Mazerolle Settlement. ",,Duplicate,,,,,,,"Mountain Road, near Mazerolle Settlement",,,,,,,,,,,,56985,56985,,
27020,7839,1110,,,UNB,"Roberts, P.R.; Bateman, N.",64-262,28,5,1964,,hardwoods in ravine,,Queens,New Brunswick,Canada,1.3 mi. W of Cambridge,,,,20,267623,5080428,45.83822,,,N,65.99236,,,W,,3,21 H/13,ACCDC,Specimen has neither Fruit nor Flowers,,Rhus radicans L. var. rydbergii RedherToxicodendron rydbergii (Small) Greene      ,,2003-09-03,2015-07-08,,,   Accession # 7839,Collector's # 64-262,28/5/1964/,Queens Co.,UTM 20 267623 5080428,Det.   1976 G. A. Mulligan,N,W,Habitat:  hardwoods in ravine. ,Locality:  1.3 mi. W of Cambridge. ,,Duplicate,45.8382,45.8382º N ,65.9924,65.9924º W,,,1.3 mi. W of Cambridge,45.8382,65.9924,,,,,,1976 G. A. Mulligan,,,,56985,56985,,
63841,7846,924,,,UNB,"Roberts, P.R.; Bateman, N.",64-195,27,5,1964,,S. maple - beech forest,,York,New Brunswick,Canada,"Mountain Road, near Mazerolle Settlement,",,,,,,,45,52,37,N,66,50,40,W,,4,,,Specimen has flowers,,Tiarella cordifolia L.      ,,2011-06-08,2015-07-08,,shortt,   Accession # 7846,Collector's # 64-195,27/5/1964/,York Co.,,,N,W,Habitat:  S. maple - beech forest. ,"Locality:  Mountain Road, near Mazerolle Settlement,. ",,Duplicate,45.8769,45.8769º N ,66.8444,66.8444º W,,,"Mountain Road, near Mazerolle Settlement,",45.8769,66.8444,,,,,63841,,,,,56985,56985,,
36807,7896,1763,,,UNB,"Roberts, P.R.; Bateman, N.",64-188,27,5,1964,,sugar maple-beech stand,,York,New Brunswick,Canada,"Mountain Road, near Mazerolle Settlement",,,,,,,,,,,,,,,,,,,Specimen has Flowers or Flower Buds,,Viola septentrionalis GreeneViola sororia  Willd.      FNB 2000,,2004-06-03,2015-07-08,,,   Accession # 7896,Collector's # 64-188,,York Co.,,,,,Habitat:  sugar maple-beech stand. ,"Locality:  Mountain Road, near Mazerolle Settlement. ",,Duplicate,,,,,,,"Mountain Road, near Mazerolle Settlement",,,,,,,,,,,,56985,56985,,
60039,7909,930,,,UNB,"Roberts, P.R.; Bateman, N.",64-14,19,5,1964,,"typical, hedgerow",,Sunbury,New Brunswick,Canada,"Woodside,",,,,,,,45,45,16,N,66,30,17,W,,4,,,Specimen has flowers,,Amelanchier laevis Wieg.      ,,2011-02-02,2015-07-08,,shortt,   Accession # 7909,Collector's # 64-14,19/5/1964/,Sunbury Co.,,,N,W,"Habitat:  typical, hedgerow. ","Locality:  Woodside,. ",,Duplicate,45.7544,45.7544º N ,66.5047,66.5047º W,,,"Woodside,",45.7544,66.5047,,,,,60039,,,,,56985,56985,,
60225,7919,937,,,UNB,"Roberts, P.R.; Bateman, N.",64-289,28,5,1964,,Near Lake,,Queens,New Brunswick,Canada,"5.5 miles SW of Coles island, e side of Washdemork Lake",,,,,,,45,55,19,N,65,47,48,W,,4,,,Specimen is reproductive,,Amelanchier x neglecta Egglest.      by H.hinds 1980,,2011-02-09,2015-07-08,,shortt,   Accession # 7919,Collector's # 64-289,28/5/1964/,Queens Co.,,,N,W,Habitat:  Near Lake. ,"Locality:  5.5 miles SW of Coles island, e side of Washdemork Lake. ",,Duplicate,45.9219,45.9219º N ,65.7967,65.7967º W,,,"5.5 miles SW of Coles island, e side of Washdemork Lake",45.9219,65.7967,,,,,60225,,,,,56985,56985,,
60917,7929,944,,,UNB,"Roberts, P.R.; Bateman, N.",64-86,26,5,1964,,Roadside,,Queens,New Brunswick,Canada,5 miles W of Hunters Home School Route 30,,,,,,,46,1,41,N,65,37,7,W,,4,,,Specimen has flowers,,Photinia floribunda (Lindley) Robertson & Phipps      ,,2011-03-04,2015-07-08,,shortt,   Accession # 7929,Collector's # 64-86,26/5/1964/,Queens Co.,,,N,W,Habitat:  Roadside. ,Locality:  5 miles W of Hunters Home School Route 30. ,,Duplicate,46.0281,46.0281º N ,65.6186,65.6186º W,,,5 miles W of Hunters Home School Route 30,46.0281,65.6186,,,,,60917,,,,,56985,56985,,
30923,7938,646,,,UNB,"Roberts, P.R.; Bateman, N.",64-45,19,5,1964,,alder woods 20' tall,,Saint John,New Brunswick,Canada,Little Beach,,,,,,,,,,,,,,,,,,,Specimen has Flowers or Flower Buds,,Alnus viridis (Villars) DC. ssp. crispa (Ait.) Turrill.   ,,2003-12-31,2015-07-08,,,   Accession # 7938,Collector's # 64-45,,Saint John Co.,,,,,Habitat:  alder woods 20' tall. ,Locality:  Little Beach. ,,Duplicate,,,,,,,Little Beach,,,,,,,,,,,,56985,56985,,
35714,7949,1283,,,UNB,"Roberts, P.R.; Bateman, N.",64-58,26,5,1964,,"cutover hardwoods, birch and aspen and fir",,Queens,New Brunswick,Canada,W bank of Canaan River near Canaan Rapids,,,,,,,45.9313,,,N,65.7551,,,W,,3,21 H/13,UNB,Specimen has Flowers or Flower Buds,,Vaccinium angustifolium Ait.      ,,2004-04-22,2015-07-08,,,   Accession # 7949,Collector's # 64-58,,Queens Co.,,,N,W,"Habitat:  cutover hardwoods, birch and aspen and fir. ",Locality:  W bank of Canaan River near Canaan Rapids. ,,Duplicate,45.9313,45.9313º N ,65.7551,65.7551º W,,,W bank of Canaan River near Canaan Rapids,45.9313,65.7551,,,,,,,,,,56985,56985,,
57922,7959,802,,,UNB,"Roberts, P.R.; Bateman, N.",,28,5,1969,,jack in pulpit present,,Queens,New Brunswick,Canada,"North of Cambridge, 1/10 miles south of Fowler Road ",,,,,,,45,50,,N,66,2,,W,,,,,Specimen has flowers,,Anemone quinquifolia L.      ,,2010-10-29,2015-07-08,,shortt,   Accession # 7959,,28/5/1969/,Queens Co.,,,N,W,Habitat:  jack in pulpit present. ,"Locality:  North of Cambridge, 1/10 miles south of Fowler Road . ",,Duplicate,45.8333,45.8333º N ,66.0333,66.0333º W,,,"North of Cambridge, 1/10 miles south of Fowler Road ",45.8333,66.0333,,,,,57922,,,,,56985,56985,,
31783,7969,1717,,,UNB,"Roberts, P.R.; Bateman, N.",64-1289,22,6,1964,,rich floodplain,,Victoria,New Brunswick,Canada,"Muniac River, 2.5 mi. from Lower Kintore",,,,,,,46.6518,,,N,67.6692,,,W,,3,21 J/12,UNB,Specimen has Flowers or Flower Buds,,Barbarea vulgaris Ait. f.      ,,2004-01-15,2015-07-08,,,   Accession # 7969,Collector's # 64-1289,,Victoria Co.,,,N,W,Habitat:  rich floodplain. ,"Locality:  Muniac River, 2.5 mi. from Lower Kintore. ",,Duplicate,46.6518,46.6518º N ,67.6692,67.6692º W,,,"Muniac River, 2.5 mi. from Lower Kintore",46.6518,67.6692,,,,,,,,,,56985,56985,,
31941,7977,1749,,,UNB,"Roberts, P.R.; Bateman, N.",64-1205,22,6,1964,,cedars,,Carleton,New Brunswick,Canada,Kenneth Road from centre of Glassville to Bath,,,,,,,,,,,,,,,,,,,Specimen has neither Fruit nor Flowers,,Cardamine diphylla (Michx.) Wood      ,,2004-01-20,2015-07-08,,,   Accession # 7977,Collector's # 64-1205,,Carleton Co.,,,,,Habitat:  cedars. ,Locality:  Kenneth Road from centre of Glassville to Bath. ,,Duplicate,,,,,,,Kenneth Road from centre of Glassville to Bath,,,,,,,,,,,,56985,56985,,
31717,7996,1354,,,UNB,"Roberts, P.R.; Bateman, N.",64-1267,22,6,1964,,"floodplain with elm, ash, yellow birch",,Victoria,New Brunswick,Canada,"Muniac River, 2 mi. from Lower Kintore",,,,,,,46.6576,,,N,67.6645,,,W,,3,21 J/12,UNB,Specimen has Flowers or Flower Buds,,Symphytum asperum Lepechin      ,,2004-01-14,2015-07-08,,,   Accession # 7996,Collector's # 64-1267,,Victoria Co.,,,N,W,"Habitat:  floodplain with elm, ash, yellow birch. ","Locality:  Muniac River, 2 mi. from Lower Kintore. ",,Duplicate,46.6576,46.6576º N ,67.6645,67.6645º W,,,"Muniac River, 2 mi. from Lower Kintore",46.6576,67.6645,,,,,,,,,,56985,56985,,
